SNP,Case_Num_C_Allele,Case_Num_T_Allele,Control_Num_C_Allele,Control_Num_T_Allele
snp0,1,49,88,12
snp1,19,31,51,49
snp2,19,31,90,10
snp3,32,18,81,19
snp4,45,5,64,36
snp5,20,30,82,18
snp6,19,31,55,45
snp7,28,22,26,74
snp8,35,15,91,9
snp9,7,43,21,79
snp10,47,3,11,89
snp11,4,46,65,35
snp12,45,5,48,52
snp13,41,9,82,18
snp14,14,36,98,2
snp15,20,30,30,70
snp16,36,14,25,75
snp17,19,31,20,80
snp18,13,37,66,34
snp19,1,49,93,7
snp20,36,14,2,98
snp21,13,37,65,35
snp22,39,11,97,3
snp23,22,28,95,5
snp24,25,25,54,46
snp25,35,15,82,18
snp26,42,8,33,67
snp27,17,33,57,43
snp28,26,24,22,78
snp29,15,35,56,44
snp30,23,27,82,18
snp31,16,34,7,93
snp32,7,43,41,59
snp33,25,25,62,38
snp34,43,7,33,67
snp35,35,15,28,72
snp36,24,26,43,57
snp37,31,19,78,22
snp38,12,38,93,7
snp39,30,20,49,51
snp40,11,39,93,7
snp41,46,4,77,23
snp42,12,38,48,52
snp43,36,14,7,93
snp44,4,46,38,62
snp45,4,46,9,91
snp46,38,12,32,68
snp47,1,49,58,42
snp48,6,44,59,41
snp49,28,22,54,46
snp50,43,7,1,99
snp51,14,36,77,23
snp52,26,24,98,2
snp53,31,19,9,91
snp54,4,46,36,64
snp55,25,25,72,28
snp56,4,46,49,51
snp57,31,19,35,65
snp58,44,6,83,17
snp59,45,5,57,43
snp60,32,18,57,43
snp61,27,23,17,83
snp62,35,15,22,78
snp63,9,41,26,74
snp64,49,1,66,34
snp65,7,43,8,92
snp66,25,25,65,35
snp67,35,15,74,26
snp68,21,29,64,36
snp69,16,34,85,15
snp70,28,22,34,66
snp71,49,1,59,41
snp72,1,49,60,40
snp73,24,26,99,1
snp74,37,13,69,31
snp75,14,36,13,87
snp76,10,40,54,46
snp77,22,28,88,12
snp78,25,25,19,81
snp79,34,16,75,25
snp80,46,4,48,52
snp81,3,47,87,13
snp82,17,33,26,74
snp83,38,12,83,17
snp84,46,4,76,24
snp85,43,7,94,6
snp86,22,28,99,1
snp87,21,29,92,8
snp88,30,20,96,4
snp89,17,33,73,27
snp90,49,1,7,93
snp91,7,43,95,5
snp92,37,13,62,38
snp93,25,25,36,64
snp94,21,29,23,77
snp95,40,10,67,33
snp96,9,41,46,54
snp97,30,20,1,99
snp98,45,5,24,76
snp99,25,25,50,50
snp100,40,10,98,2
snp101,2,48,57,43
snp102,7,43,92,8
snp103,40,10,28,72
snp104,16,34,94,6
snp105,34,16,76,24
snp106,3,47,30,70
snp107,33,17,21,79
snp108,38,12,15,85
snp109,39,11,21,79
snp110,42,8,98,2
snp111,7,43,13,87
snp112,27,23,31,69
snp113,22,28,92,8
snp114,1,49,20,80
snp115,44,6,70,30
snp116,49,1,38,62
snp117,43,7,50,50
snp118,22,28,74,26
snp119,34,16,4,96
snp120,31,19,63,37
snp121,15,35,82,18
snp122,20,30,1,99
snp123,1,49,36,64
snp124,5,45,30,70
snp125,11,39,41,59
snp126,27,23,55,45
snp127,6,44,86,14
snp128,24,26,20,80
snp129,32,18,27,73
snp130,44,6,70,30
snp131,10,40,82,18
snp132,8,42,75,25
snp133,11,39,86,14
snp134,17,33,68,32
snp135,9,41,97,3
snp136,15,35,98,2
snp137,10,40,26,74
snp138,19,31,38,62
snp139,24,26,92,8
snp140,12,38,3,97
snp141,5,45,18,82
snp142,47,3,63,37
snp143,39,11,68,32
snp144,46,4,27,73
snp145,42,8,55,45
snp146,10,40,92,8
snp147,42,8,77,23
snp148,46,4,47,53
snp149,41,9,4,96
snp150,48,2,38,62
snp151,25,25,7,93
snp152,38,12,75,25
snp153,8,42,90,10
snp154,49,1,14,86
snp155,23,27,70,30
snp156,14,36,18,82
snp157,42,8,32,68
snp158,33,17,55,45
snp159,5,45,82,18
snp160,40,10,15,85
snp161,34,16,90,10
snp162,25,25,5,95
snp163,20,30,11,89
snp164,13,37,20,80
snp165,2,48,55,45
snp166,5,45,47,53
snp167,22,28,33,67
snp168,27,23,41,59
snp169,3,47,76,24
snp170,11,39,66,34
snp171,10,40,90,10
snp172,17,33,60,40
snp173,15,35,9,91
snp174,16,34,61,39
snp175,33,17,73,27
snp176,45,5,96,4
snp177,45,5,95,5
snp178,38,12,70,30
snp179,27,23,51,49
snp180,1,49,12,88
snp181,16,34,88,12
snp182,34,16,20,80
snp183,6,44,14,86
snp184,49,1,17,83
snp185,20,30,9,91
snp186,18,32,32,68
snp187,12,38,75,25
snp188,4,46,70,30
snp189,39,11,64,36
snp190,49,1,56,44
snp191,7,43,51,49
snp192,35,15,87,13
snp193,40,10,1,99
snp194,15,35,98,2
snp195,49,1,73,27
snp196,35,15,95,5
snp197,19,31,85,15
snp198,47,3,8,92
snp199,37,13,55,45
snp200,32,18,25,75
snp201,45,5,91,9
snp202,35,15,82,18
snp203,48,2,23,77
snp204,5,45,39,61
snp205,29,21,16,84
snp206,4,46,66,34
snp207,36,14,35,65
snp208,17,33,94,6
snp209,38,12,2,98
snp210,1,49,28,72
snp211,46,4,12,88
snp212,12,38,1,99
snp213,29,21,96,4
snp214,44,6,22,78
snp215,49,1,21,79
snp216,31,19,25,75
snp217,4,46,6,94
snp218,49,1,51,49
snp219,41,9,42,58
snp220,42,8,95,5
snp221,49,1,2,98
snp222,40,10,77,23
snp223,40,10,39,61
snp224,18,32,4,96
snp225,29,21,31,69
snp226,3,47,59,41
snp227,24,26,99,1
snp228,14,36,13,87
snp229,45,5,29,71
snp230,35,15,52,48
snp231,28,22,72,28
snp232,14,36,76,24
snp233,13,37,68,32
snp234,36,14,43,57
snp235,29,21,88,12
snp236,11,39,63,37
snp237,14,36,89,11
snp238,33,17,44,56
snp239,40,10,25,75
snp240,18,32,25,75
snp241,30,20,22,78
snp242,32,18,92,8
snp243,46,4,31,69
snp244,5,45,76,24
snp245,8,42,32,68
snp246,19,31,40,60
snp247,29,21,94,6
snp248,13,37,43,57
snp249,41,9,72,28
snp250,1,49,52,48
snp251,11,39,57,43
snp252,42,8,95,5
snp253,21,29,51,49
snp254,29,21,66,34
snp255,18,32,48,52
snp256,1,49,1,99
snp257,15,35,99,1
snp258,10,40,22,78
snp259,20,30,21,79
snp260,21,29,14,86
snp261,49,1,34,66
snp262,46,4,89,11
snp263,49,1,56,44
snp264,22,28,96,4
snp265,36,14,97,3
snp266,21,29,89,11
snp267,38,12,30,70
snp268,39,11,57,43
snp269,41,9,22,78
snp270,15,35,4,96
snp271,3,47,11,89
snp272,34,16,43,57
snp273,22,28,38,62
snp274,17,33,21,79
snp275,1,49,54,46
snp276,48,2,14,86
snp277,18,32,38,62
snp278,19,31,61,39
snp279,37,13,3,97
snp280,1,49,69,31
snp281,34,16,45,55
snp282,16,34,1,99
snp283,12,38,44,56
snp284,35,15,12,88
snp285,1,49,49,51
snp286,41,9,79,21
snp287,38,12,41,59
snp288,15,35,13,87
snp289,33,17,90,10
snp290,37,13,85,15
snp291,38,12,61,39
snp292,24,26,43,57
snp293,30,20,54,46
snp294,8,42,5,95
snp295,28,22,20,80
snp296,44,6,59,41
snp297,2,48,19,81
snp298,12,38,39,61
snp299,30,20,83,17
snp300,49,1,62,38
snp301,15,35,69,31
snp302,7,43,75,25
snp303,14,36,45,55
snp304,28,22,95,5
snp305,17,33,5,95
snp306,16,34,1,99
snp307,33,17,67,33
snp308,1,49,15,85
snp309,39,11,54,46
snp310,32,18,17,83
snp311,27,23,66,34
snp312,35,15,17,83
snp313,34,16,98,2
snp314,33,17,82,18
snp315,1,49,67,33
snp316,29,21,1,99
snp317,10,40,50,50
snp318,31,19,72,28
snp319,13,37,94,6
snp320,35,15,22,78
snp321,38,12,26,74
snp322,9,41,15,85
snp323,24,26,7,93
snp324,33,17,17,83
snp325,30,20,59,41
snp326,15,35,16,84
snp327,49,1,39,61
snp328,49,1,21,79
snp329,1,49,11,89
snp330,37,13,35,65
snp331,23,27,38,62
snp332,7,43,61,39
snp333,27,23,34,66
snp334,49,1,99,1
snp335,23,27,49,51
snp336,19,31,96,4
snp337,34,16,38,62
snp338,32,18,18,82
snp339,8,42,41,59
snp340,13,37,21,79
snp341,35,15,60,40
snp342,5,45,72,28
snp343,20,30,91,9
snp344,25,25,1,99
snp345,26,24,57,43
snp346,8,42,77,23
snp347,26,24,26,74
snp348,44,6,26,74
snp349,49,1,5,95
snp350,49,1,2,98
snp351,43,7,15,85
snp352,43,7,5,95
snp353,2,48,61,39
snp354,7,43,68,32
snp355,2,48,47,53
snp356,29,21,47,53
snp357,42,8,84,16
snp358,9,41,97,3
snp359,49,1,32,68
snp360,36,14,44,56
snp361,23,27,85,15
snp362,22,28,52,48
snp363,42,8,52,48
snp364,12,38,26,74
snp365,10,40,56,44
snp366,24,26,28,72
snp367,14,36,62,38
snp368,5,45,83,17
snp369,43,7,89,11
snp370,14,36,97,3
snp371,40,10,7,93
snp372,16,34,1,99
snp373,19,31,26,74
snp374,30,20,46,54
snp375,17,33,28,72
snp376,14,36,12,88
snp377,49,1,31,69
snp378,37,13,3,97
snp379,33,17,7,93
snp380,9,41,97,3
snp381,3,47,22,78
snp382,14,36,21,79
snp383,41,9,75,25
snp384,49,1,43,57
snp385,18,32,36,64
snp386,16,34,62,38
snp387,23,27,34,66
snp388,10,40,1,99
snp389,16,34,75,25
snp390,38,12,84,16
snp391,18,32,57,43
snp392,29,21,11,89
snp393,22,28,59,41
snp394,11,39,2,98
snp395,21,29,36,64
snp396,44,6,99,1
snp397,16,34,38,62
snp398,39,11,99,1
snp399,43,7,79,21
snp400,2,48,42,58
snp401,13,37,32,68
snp402,20,30,43,57
snp403,9,41,46,54
snp404,4,46,99,1
snp405,47,3,1,99
snp406,3,47,1,99
snp407,21,29,58,42
snp408,20,30,74,26
snp409,48,2,54,46
snp410,25,25,4,96
snp411,32,18,47,53
snp412,36,14,45,55
snp413,22,28,83,17
snp414,32,18,71,29
snp415,24,26,49,51
snp416,49,1,18,82
snp417,48,2,99,1
snp418,20,30,51,49
snp419,36,14,30,70
snp420,17,33,25,75
snp421,38,12,64,36
snp422,24,26,81,19
snp423,22,28,51,49
snp424,6,44,27,73
snp425,24,26,92,8
snp426,3,47,40,60
snp427,19,31,38,62
snp428,29,21,81,19
snp429,19,31,16,84
snp430,10,40,67,33
snp431,2,48,51,49
snp432,30,20,84,16
snp433,11,39,77,23
snp434,14,36,9,91
snp435,32,18,39,61
snp436,14,36,12,88
snp437,10,40,10,90
snp438,14,36,40,60
snp439,49,1,73,27
snp440,38,12,30,70
snp441,30,20,75,25
snp442,49,1,40,60
snp443,29,21,90,10
snp444,8,42,95,5
snp445,43,7,59,41
snp446,31,19,78,22
snp447,32,18,49,51
snp448,41,9,46,54
snp449,28,22,84,16
snp450,23,27,67,33
snp451,16,34,17,83
snp452,36,14,29,71
snp453,7,43,21,79
snp454,33,17,27,73
snp455,40,10,55,45
snp456,42,8,24,76
snp457,2,48,15,85
snp458,2,48,28,72
snp459,17,33,41,59
snp460,13,37,40,60
snp461,38,12,9,91
snp462,17,33,60,40
snp463,44,6,99,1
snp464,19,31,88,12
snp465,5,45,26,74
snp466,29,21,25,75
snp467,3,47,15,85
snp468,37,13,31,69
snp469,42,8,57,43
snp470,49,1,31,69
snp471,33,17,73,27
snp472,30,20,34,66
snp473,19,31,80,20
snp474,9,41,96,4
snp475,46,4,96,4
snp476,2,48,69,31
snp477,5,45,20,80
snp478,30,20,53,47
snp479,8,42,59,41
snp480,45,5,74,26
snp481,27,23,34,66
snp482,33,17,57,43
snp483,7,43,2,98
snp484,23,27,7,93
snp485,33,17,29,71
snp486,27,23,86,14
snp487,19,31,74,26
snp488,36,14,79,21
snp489,15,35,80,20
snp490,31,19,40,60
snp491,45,5,56,44
snp492,32,18,50,50
snp493,39,11,60,40
snp494,27,23,90,10
snp495,20,30,37,63
snp496,31,19,44,56
snp497,29,21,33,67
snp498,10,40,59,41
snp499,9,41,38,62
snp500,35,15,1,99
snp501,36,14,10,90
snp502,49,1,88,12
snp503,29,21,4,96
snp504,11,39,31,69
snp505,36,14,39,61
snp506,22,28,97,3
snp507,39,11,96,4
snp508,11,39,88,12
snp509,6,44,1,99
snp510,43,7,1,99
snp511,33,17,93,7
snp512,35,15,54,46
snp513,29,21,96,4
snp514,23,27,17,83
snp515,17,33,48,52
snp516,28,22,76,24
snp517,9,41,62,38
snp518,29,21,30,70
snp519,47,3,14,86
snp520,30,20,44,56
snp521,5,45,73,27
snp522,26,24,92,8
snp523,21,29,26,74
snp524,9,41,54,46
snp525,11,39,79,21
snp526,3,47,2,98
snp527,45,5,67,33
snp528,4,46,19,81
snp529,11,39,95,5
snp530,27,23,81,19
snp531,27,23,77,23
snp532,20,30,50,50
snp533,12,38,45,55
snp534,32,18,45,55
snp535,12,38,44,56
snp536,49,1,61,39
snp537,21,29,93,7
snp538,25,25,12,88
snp539,3,47,23,77
snp540,20,30,1,99
snp541,27,23,63,37
snp542,14,36,20,80
snp543,43,7,4,96
snp544,9,41,3,97
snp545,11,39,64,36
snp546,1,49,93,7
snp547,37,13,70,30
snp548,45,5,75,25
snp549,7,43,13,87
snp550,13,37,25,75
snp551,31,19,80,20
snp552,19,31,68,32
snp553,19,31,99,1
snp554,47,3,94,6
snp555,2,48,27,73
snp556,20,30,78,22
snp557,11,39,65,35
snp558,14,36,83,17
snp559,9,41,92,8
snp560,42,8,69,31
snp561,33,17,70,30
snp562,11,39,52,48
snp563,21,29,65,35
snp564,47,3,78,22
snp565,20,30,51,49
snp566,10,40,86,14
snp567,49,1,49,51
snp568,35,15,8,92
snp569,4,46,7,93
snp570,25,25,76,24
snp571,10,40,60,40
snp572,23,27,45,55
snp573,6,44,81,19
snp574,31,19,88,12
snp575,21,29,42,58
snp576,15,35,31,69
snp577,38,12,44,56
snp578,48,2,80,20
snp579,30,20,31,69
snp580,18,32,83,17
snp581,31,19,87,13
snp582,35,15,8,92
snp583,7,43,78,22
snp584,41,9,46,54
snp585,19,31,60,40
snp586,42,8,21,79
snp587,45,5,78,22
snp588,20,30,81,19
snp589,34,16,89,11
snp590,1,49,95,5
snp591,23,27,45,55
snp592,19,31,40,60
snp593,15,35,80,20
snp594,39,11,23,77
snp595,10,40,33,67
snp596,1,49,15,85
snp597,41,9,82,18
snp598,43,7,35,65
snp599,23,27,92,8
snp600,40,10,65,35
snp601,2,48,39,61
snp602,19,31,29,71
snp603,37,13,24,76
snp604,30,20,9,91
snp605,2,48,26,74
snp606,6,44,57,43
snp607,6,44,39,61
snp608,49,1,65,35
snp609,24,26,95,5
snp610,10,40,76,24
snp611,24,26,75,25
snp612,15,35,99,1
snp613,39,11,39,61
snp614,9,41,88,12
snp615,31,19,61,39
snp616,36,14,81,19
snp617,44,6,17,83
snp618,28,22,94,6
snp619,39,11,60,40
snp620,41,9,47,53
snp621,43,7,9,91
snp622,12,38,53,47
snp623,49,1,41,59
snp624,12,38,43,57
snp625,47,3,65,35
snp626,14,36,96,4
snp627,7,43,41,59
snp628,11,39,26,74
snp629,5,45,50,50
snp630,36,14,51,49
snp631,46,4,91,9
snp632,14,36,18,82
snp633,35,15,10,90
snp634,1,49,30,70
snp635,1,49,54,46
snp636,12,38,12,88
snp637,49,1,96,4
snp638,38,12,29,71
snp639,42,8,19,81
snp640,41,9,16,84
snp641,39,11,16,84
snp642,31,19,18,82
snp643,31,19,49,51
snp644,43,7,63,37
snp645,4,46,63,37
snp646,13,37,44,56
snp647,7,43,87,13
snp648,48,2,54,46
snp649,29,21,22,78
snp650,11,39,44,56
snp651,11,39,1,99
snp652,17,33,91,9
snp653,48,2,38,62
snp654,15,35,72,28
snp655,49,1,28,72
snp656,33,17,94,6
snp657,22,28,70,30
snp658,9,41,66,34
snp659,16,34,54,46
snp660,43,7,6,94
snp661,49,1,17,83
snp662,49,1,28,72
snp663,25,25,5,95
snp664,16,34,52,48
snp665,49,1,69,31
snp666,17,33,36,64
snp667,34,16,19,81
snp668,32,18,52,48
snp669,18,32,85,15
snp670,46,4,35,65
snp671,41,9,68,32
snp672,30,20,98,2
snp673,44,6,46,54
snp674,40,10,97,3
snp675,25,25,16,84
snp676,28,22,72,28
snp677,31,19,4,96
snp678,3,47,64,36
snp679,13,37,10,90
snp680,17,33,68,32
snp681,38,12,82,18
snp682,6,44,71,29
snp683,44,6,98,2
snp684,48,2,64,36
snp685,26,24,94,6
snp686,34,16,64,36
snp687,33,17,88,12
snp688,5,45,11,89
snp689,32,18,80,20
snp690,40,10,69,31
snp691,36,14,17,83
snp692,19,31,33,67
snp693,32,18,97,3
snp694,46,4,8,92
snp695,47,3,77,23
snp696,21,29,80,20
snp697,35,15,1,99
snp698,25,25,96,4
snp699,49,1,95,5
snp700,18,32,88,12
snp701,46,4,11,89
snp702,19,31,47,53
snp703,21,29,48,52
snp704,26,24,99,1
snp705,34,16,45,55
snp706,15,35,43,57
snp707,15,35,99,1
snp708,14,36,68,32
snp709,1,49,6,94
snp710,45,5,86,14
snp711,46,4,58,42
snp712,17,33,13,87
snp713,14,36,26,74
snp714,24,26,99,1
snp715,33,17,27,73
snp716,23,27,7,93
snp717,45,5,97,3
snp718,2,48,65,35
snp719,11,39,85,15
snp720,37,13,19,81
snp721,1,49,44,56
snp722,36,14,37,63
snp723,41,9,58,42
snp724,4,46,74,26
snp725,18,32,51,49
snp726,22,28,74,26
snp727,43,7,39,61
snp728,41,9,91,9
snp729,40,10,87,13
snp730,36,14,17,83
snp731,14,36,31,69
snp732,30,20,17,83
snp733,29,21,66,34
snp734,1,49,88,12
snp735,45,5,92,8
snp736,25,25,76,24
snp737,30,20,30,70
snp738,23,27,98,2
snp739,38,12,65,35
snp740,41,9,29,71
snp741,7,43,17,83
snp742,43,7,73,27
snp743,33,17,79,21
snp744,41,9,82,18
snp745,6,44,99,1
snp746,37,13,44,56
snp747,27,23,18,82
snp748,44,6,62,38
snp749,27,23,79,21
snp750,20,30,57,43
snp751,31,19,27,73
snp752,43,7,30,70
snp753,16,34,4,96
snp754,13,37,22,78
snp755,47,3,93,7
snp756,36,14,90,10
snp757,28,22,73,27
snp758,40,10,72,28
snp759,49,1,63,37
snp760,17,33,84,16
snp761,49,1,50,50
snp762,4,46,33,67
snp763,4,46,6,94
snp764,28,22,46,54
snp765,1,49,29,71
snp766,11,39,59,41
snp767,44,6,5,95
snp768,15,35,18,82
snp769,1,49,60,40
snp770,47,3,74,26
snp771,35,15,36,64
snp772,20,30,9,91
snp773,38,12,1,99
snp774,30,20,31,69
snp775,41,9,5,95
snp776,35,15,96,4
snp777,48,2,94,6
snp778,31,19,10,90
snp779,22,28,99,1
snp780,47,3,7,93
snp781,15,35,69,31
snp782,47,3,98,2
snp783,39,11,8,92
snp784,41,9,97,3
snp785,16,34,62,38
snp786,4,46,13,87
snp787,1,49,48,52
snp788,17,33,14,86
snp789,24,26,76,24
snp790,43,7,96,4
snp791,39,11,60,40
snp792,40,10,74,26
snp793,27,23,56,44
snp794,49,1,10,90
snp795,31,19,92,8
snp796,3,47,78,22
snp797,49,1,95,5
snp798,34,16,99,1
snp799,20,30,91,9
snp800,47,3,1,99
snp801,21,29,59,41
snp802,33,17,11,89
snp803,44,6,58,42
snp804,30,20,31,69
snp805,38,12,11,89
snp806,41,9,73,27
snp807,49,1,73,27
snp808,18,32,55,45
snp809,41,9,53,47
snp810,3,47,39,61
snp811,40,10,1,99
snp812,24,26,66,34
snp813,33,17,7,93
snp814,49,1,91,9
snp815,4,46,65,35
snp816,45,5,74,26
snp817,42,8,39,61
snp818,44,6,61,39
snp819,25,25,22,78
snp820,26,24,67,33
snp821,26,24,65,35
snp822,14,36,12,88
snp823,13,37,48,52
snp824,7,43,67,33
snp825,15,35,22,78
snp826,48,2,65,35
snp827,44,6,29,71
snp828,14,36,92,8
snp829,20,30,34,66
snp830,49,1,53,47
snp831,23,27,51,49
snp832,49,1,97,3
snp833,40,10,69,31
snp834,36,14,27,73
snp835,8,42,66,34
snp836,15,35,94,6
snp837,24,26,79,21
snp838,8,42,40,60
snp839,45,5,28,72
snp840,22,28,84,16
snp841,24,26,26,74
snp842,15,35,24,76
snp843,40,10,75,25
snp844,1,49,19,81
snp845,23,27,33,67
snp846,49,1,90,10
snp847,46,4,68,32
snp848,39,11,40,60
snp849,49,1,44,56
snp850,4,46,34,66
snp851,40,10,24,76
snp852,5,45,99,1
snp853,25,25,28,72
snp854,44,6,81,19
snp855,26,24,98,2
snp856,30,20,7,93
snp857,18,32,78,22
snp858,20,30,58,42
snp859,22,28,73,27
snp860,42,8,48,52
snp861,23,27,43,57
snp862,43,7,1,99
snp863,43,7,92,8
snp864,24,26,93,7
snp865,10,40,31,69
snp866,49,1,61,39
snp867,37,13,37,63
snp868,28,22,24,76
snp869,26,24,56,44
snp870,11,39,47,53
snp871,2,48,5,95
snp872,44,6,99,1
snp873,41,9,39,61
snp874,28,22,71,29
snp875,33,17,95,5
snp876,6,44,72,28
snp877,41,9,10,90
snp878,48,2,55,45
snp879,1,49,52,48
snp880,7,43,84,16
snp881,49,1,78,22
snp882,38,12,42,58
snp883,38,12,69,31
snp884,32,18,56,44
snp885,33,17,31,69
snp886,39,11,11,89
snp887,2,48,50,50
snp888,20,30,81,19
snp889,10,40,56,44
snp890,20,30,5,95
snp891,33,17,86,14
snp892,16,34,80,20
snp893,26,24,40,60
snp894,6,44,52,48
snp895,41,9,55,45
snp896,33,17,7,93
snp897,13,37,98,2
snp898,27,23,35,65
snp899,24,26,12,88
snp900,1,49,91,9
snp901,26,24,22,78
snp902,27,23,25,75
snp903,44,6,23,77
snp904,2,48,36,64
snp905,4,46,42,58
snp906,3,47,70,30
snp907,4,46,43,57
snp908,45,5,36,64
snp909,5,45,59,41
snp910,33,17,99,1
snp911,13,37,56,44
snp912,43,7,8,92
snp913,44,6,92,8
snp914,10,40,67,33
snp915,3,47,57,43
snp916,12,38,17,83
snp917,49,1,86,14
snp918,11,39,73,27
snp919,30,20,26,74
snp920,29,21,72,28
snp921,39,11,49,51
snp922,35,15,1,99
snp923,47,3,43,57
snp924,49,1,96,4
snp925,9,41,95,5
snp926,45,5,92,8
snp927,48,2,85,15
snp928,1,49,8,92
snp929,21,29,30,70
snp930,48,2,68,32
snp931,1,49,5,95
snp932,8,42,9,91
snp933,37,13,23,77
snp934,17,33,33,67
snp935,30,20,35,65
snp936,24,26,36,64
snp937,35,15,16,84
snp938,30,20,39,61
snp939,7,43,46,54
snp940,30,20,43,57
snp941,28,22,69,31
snp942,1,49,55,45
snp943,37,13,84,16
snp944,21,29,83,17
snp945,18,32,43,57
snp946,31,19,62,38
snp947,29,21,34,66
snp948,39,11,61,39
snp949,6,44,5,95
snp950,6,44,91,9
snp951,34,16,61,39
snp952,38,12,67,33
snp953,47,3,18,82
snp954,16,34,82,18
snp955,6,44,71,29
snp956,45,5,55,45
snp957,12,38,37,63
snp958,6,44,99,1
snp959,29,21,41,59
snp960,32,18,61,39
snp961,43,7,82,18
snp962,28,22,34,66
snp963,34,16,70,30
snp964,44,6,2,98
snp965,11,39,31,69
snp966,7,43,75,25
snp967,47,3,86,14
snp968,26,24,73,27
snp969,48,2,92,8
snp970,27,23,97,3
snp971,11,39,48,52
snp972,3,47,63,37
snp973,33,17,25,75
snp974,39,11,68,32
snp975,43,7,24,76
snp976,6,44,35,65
snp977,15,35,60,40
snp978,29,21,26,74
snp979,34,16,97,3
snp980,15,35,51,49
snp981,27,23,3,97
snp982,38,12,86,14
snp983,30,20,90,10
snp984,21,29,53,47
snp985,30,20,75,25
snp986,33,17,85,15
snp987,8,42,29,71
snp988,47,3,66,34
snp989,13,37,42,58
snp990,16,34,67,33
snp991,37,13,2,98
snp992,15,35,91,9
snp993,48,2,82,18
snp994,30,20,23,77
snp995,48,2,68,32
snp996,13,37,5,95
snp997,10,40,94,6
snp998,24,26,95,5
snp999,28,22,18,82
