SNP,p_value,Significant (Original Threshold),Significant (Bonferroni Correction)
snp0,7.723382256003804e-27,True,True
snp1,0.16534044112874297,False,False
snp2,4.756136223467411e-11,True,True
snp3,0.02790480380896835,False,False
snp4,0.0007970020702886525,False,False
snp5,6.210900413772033e-07,False,False
snp6,0.05784168801787334,False,False
snp7,0.0005316160870745504,False,False
snp8,0.001726619244475344,False,False
snp9,0.37673445473714084,False,False
snp10,1.431441585299857e-24,True,True
snp11,5.866102871736083e-12,True,True
snp12,2.94979004277522e-07,False,False
snp13,1.0,False,False
snp14,8.455526844939331e-21,True,True
snp15,0.2707470005872474,False,False
snp16,5.471032335602007e-08,False,False
snp17,0.02886792199884089,False,False
snp18,4.75158903757883e-06,False,False
snp19,1.084657550440635e-30,True,True
snp20,8.455526844939331e-21,True,True
snp21,1.0637549719143642e-05,False,False
snp22,0.00037281484572572167,False,False
snp23,4.195477614973304e-12,True,True
snp24,0.7292554366925956,False,False
snp25,0.10011942805362538,False,False
snp26,3.740714805979339e-09,True,False
snp27,0.009492730383775632,False,False
snp28,0.0003577316709207483,False,False
snp29,0.0031745347195637325,False,False
snp30,1.0438649980664806e-05,False,False
snp31,0.00015936387479016962,False,False
snp32,0.0007774803841486639,False,False
snp33,0.1662306982306947,False,False
snp34,4.254620666849265e-10,True,False
snp35,1.3848040538393468e-06,False,False
snp36,0.6036937795010078,False,False
snp37,0.05157325538464148,False,False
snp38,4.502523771694463e-18,True,True
snp39,0.2276990508876411,False,False
snp40,6.0543981920004e-19,True,True
snp41,0.025225606311963782,False,False
snp42,0.00491060098918167,False,False
snp43,2.0031509518892882e-16,True,True
snp44,8.262364560079422e-05,False,False
snp45,1.0,False,False
snp46,3.540375740239315e-07,False,False
snp47,9.428649933049487e-13,True,True
snp48,2.4911798915992064e-08,True,False
snp49,0.8630065435799481,False,False
snp50,5.335620152589192e-29,True,True
snp51,1.3572887258693797e-08,True,False
snp52,6.532249978528479e-12,True,True
snp53,1.3917826978612014e-11,True,True
snp54,0.0001659478016980962,False,False
snp55,0.010983327982828047,False,False
snp56,2.2231547568239663e-07,False,False
snp57,0.002821630819773365,False,False
snp58,0.4804264764235079,False,False
snp59,3.166592158659951e-05,False,False
snp60,0.48188942482981084,False,False
snp61,6.8702496877000645e-06,False,False
snp62,1.6528453887241846e-08,True,False
snp63,0.3119144852147382,False,False
snp64,2.6338676563525274e-06,False,False
snp65,0.26037229107619464,False,False
snp66,0.11109151773428744,False,False
snp67,0.6980190251499481,False,False
snp68,0.014198122310801909,False,False
snp69,1.4579384971546683e-10,True,False
snp70,0.013595943985441557,False,False
snp71,5.1043572453261914e-08,False,False
snp72,1.1300678693378878e-13,True,True
snp73,2.8387493924111508e-14,True,True
snp74,0.5728336609417771,False,False
snp75,0.04066277491592473,False,False
snp76,9.526891985738371e-05,False,False
snp77,2.662422454046587e-08,True,False
snp78,0.0001328556634787867,False,False
snp79,0.43752729909091725,False,False
snp80,3.837924881362083e-08,True,False
snp81,3.043612631765658e-23,True,True
snp82,0.3410610130510092,False,False
snp83,0.38070021221292055,False,False
snp84,0.024786180317622267,False,False
snp85,0.12609988948728476,False,False
snp86,1.12014513822303e-15,True,True
snp87,7.160012993740422e-11,True,False
snp88,5.0527496391342006e-08,False,False
snp89,7.0750483701132965e-06,False,False
snp90,1.0846575504406351e-30,True,True
snp91,1.5840345610621387e-24,True,True
snp92,0.2002976521471153,False,False
snp93,0.11447579673693947,False,False
snp94,0.022121646096709753,False,False
snp95,0.12564358540627865,False,False
snp96,0.0010838895426036827,False,False
snp97,3.8056078991336827e-17,True,True
snp98,3.1620917508453052e-15,True,True
snp99,1.0,False,False
snp100,0.0003172737630057545,False,False
snp101,2.2836739778076305e-11,True,True
snp102,4.77455406319014e-22,True,True
snp103,1.32633359849631e-09,True,False
snp104,1.3705197968611835e-15,True,True
snp105,0.3302641360832812,False,False
snp106,0.0006545988261913178,False,False
snp107,1.0069890721955782e-07,False,False
snp108,2.337810580357446e-13,True,True
snp109,2.548124263922557e-11,True,True
snp110,0.002495279586510719,False,False
snp111,1.0,False,False
snp112,0.007850911924640054,False,False
snp113,2.9232549037408166e-10,True,False
snp114,0.002088467637727472,False,False
snp115,0.01547251246338294,False,False
snp116,2.5060368566346136e-14,True,True
snp117,1.4090817231691958e-05,False,False
snp118,0.0005316160870745505,False,False
snp119,3.5564130387769565e-17,True,True
snp120,1.0,False,False
snp121,5.794753266481622e-10,True,False
snp122,2.1264285466131028e-10,True,False
snp123,6.533213627184759e-07,False,False
snp124,0.007263702349245418,False,False
snp125,0.028501160268960282,False,False
snp126,1.0,False,False
snp127,3.671537402796179e-19,True,True
snp128,0.0005821678809431761,False,False
snp129,1.763157949696553e-05,False,False
snp130,0.01547251246338294,False,False
snp131,1.8456318662672855e-13,True,True
snp132,4.500924153017205e-12,True,True
snp133,1.2424792354355813e-14,True,True
snp134,0.0001054576768334809,False,False
snp135,2.1749036463119002e-24,True,True
snp136,6.039242352406418e-20,True,True
snp137,0.5434577917274369,False,False
snp138,1.0,False,False
snp139,4.288574135671462e-09,True,False
snp140,0.000132290321774807,False,False
snp141,0.23680450960928218,False,False
snp142,2.556422962644648e-05,False,False
snp143,0.2517134310426222,False,False
snp144,5.3504949086677226e-15,True,True
snp145,0.0005054351949648028,False,False
snp146,4.0783749119576644e-19,True,True
snp147,0.3948066752003514,False,False
snp148,3.248004178291915e-08,True,False
snp149,2.2441440091687506e-23,True,True
snp150,6.062762888733895e-13,True,True
snp151,4.696612240776506e-09,True,False
snp152,1.0,False,False
snp153,1.262498384521287e-19,True,True
snp154,1.6211513302229023e-25,True,True
snp155,0.007088184369884875,False,False
snp156,0.20444130360079704,False,False
snp157,1.2636328197242803e-09,True,False
snp158,0.22152796956540932,False,False
snp159,4.86603048221816e-18,True,True
snp160,6.236998250256723e-15,True,True
snp161,0.0012831705490429913,False,False
snp162,3.109333872226138e-10,True,False
snp163,7.675144944372799e-05,False,False
snp164,0.4104845639318266,False,False
snp165,7.800425050077793e-11,True,False
snp166,3.6679843399743826e-06,False,False
snp167,0.21095625907061782,False,False
snp168,0.16434364830673395,False,False
snp169,4.095612444831529e-17,True,True
snp170,3.4895936189681417e-07,False,False
snp171,9.075802661121583e-18,True,True
snp172,0.0032404176131072236,False,False
snp173,0.0017266192444753442,False,False
snp174,0.0009803091096241027,False,False
snp175,0.4473088898104264,False,False
snp176,0.16071100270838587,False,False
snp177,0.30209693456887354,False,False
snp178,0.5632397703352476,False,False
snp179,0.8624977628914362,False,False
snp180,0.06104679151492994,False,False
snp181,5.463104680479183e-12,True,True
snp182,2.0135478940316697e-08,True,False
snp183,0.8044198549767854,False,False
snp184,1.054191521880247e-23,True,True
snp185,1.4549293896202775e-05,False,False
snp186,0.7137802368878985,False,False
snp187,2.7508684515617476e-09,True,False
snp188,8.95543680215085e-14,True,True
snp189,0.09472237526969889,False,False
snp190,9.086810168519216e-09,True,False
snp191,7.3703027249831474e-06,False,False
snp192,0.015104448117253515,False,False
snp193,8.705329425491909e-26,True,True
snp194,6.039242352406418e-20,True,True
snp195,8.888307996490438e-05,False,False
snp196,5.244543883525319e-05,False,False
snp197,1.1627309761774581e-08,True,False
snp198,8.417761960674685e-27,True,True
snp199,0.03246933312770643,False,False
snp200,5.821879604417913e-06,False,False
snp201,1.0,False,False
snp202,0.10011942805362538,False,False
snp203,5.758214798521133e-19,True,True
snp204,0.00023471304883841915,False,False
snp205,3.470002760534447e-07,False,False
snp206,2.270921831178661e-12,True,True
snp207,2.526618592339195e-05,False,False
snp208,7.627332882609443e-15,True,True
snp209,1.3714833483283917e-22,True,True
snp210,4.5857745004424585e-05,False,False
snp211,1.252257109002323e-22,True,True
snp212,6.826611241065228e-06,False,False
snp213,1.4255513861249067e-08,True,False
snp214,5.5668832613396314e-15,True,True
snp215,1.539945818804421e-21,True,True
snp216,1.4798760215003127e-05,False,False
snp217,0.7317369598342819,False,False
snp218,2.8123400831492804e-10,True,False
snp219,3.966052049110895e-06,False,False
snp220,0.03235164854741653,False,False
snp221,6.273442658023378e-36,True,True
snp222,0.8347519268437124,False,False
snp223,2.007297457874878e-06,False,False
snp224,5.761739578071284e-07,False,False
snp225,0.0024622079198764165,False,False
snp226,5.0297523773473664e-11,True,False
snp227,2.8387493924111508e-14,True,True
snp228,0.04066277491592473,False,False
snp229,3.766096757716905e-13,True,True
snp230,0.037376967105795765,False,False
snp231,0.06597126462348517,False,False
snp232,2.093868953697127e-08,True,False
snp233,1.7353403528944143e-06,False,False
snp234,0.0009508937485438807,False,False
snp235,5.603045577918368e-05,False,False
snp236,2.170641522374023e-06,False,False
snp237,6.240218485906225e-14,True,True
snp238,0.015020790779415295,False,False
snp239,1.9912664987438237e-10,True,False
snp240,0.18242893752716455,False,False
snp241,8.266736873831996e-06,False,False
snp242,4.898384710295665e-05,False,False
snp243,3.057009249470307e-13,True,True
snp244,3.162091750845305e-15,True,True
snp245,0.04948851833107392,False,False
snp246,0.8605843767516719,False,False
snp247,2.0228479104144053e-07,False,False
snp248,0.049734089678742294,False,False
snp249,0.22921338264885466,False,False
snp250,3.782080137706686e-11,True,True
snp251,5.360609718219426e-05,False,False
snp252,0.03235164854741653,False,False
snp253,0.3862151791351879,False,False
snp254,0.3717334716085287,False,False
snp255,0.22180318688300246,False,False
snp256,1.0,False,False
snp257,3.7431057176828306e-21,True,True
snp258,0.8354491760975364,False,False
snp259,0.019350755786722167,False,False
snp260,0.0003667952220304409,False,False
snp261,1.1420962063409277e-15,True,True
snp262,0.7741493274460103,False,False
snp263,9.086810168519216e-09,True,False
snp264,7.748133612403502e-13,True,True
snp265,1.5119378307839904e-05,False,False
snp266,2.361755965919518e-09,True,False
snp267,1.049074324616106e-07,False,False
snp268,0.012150202924511695,False,False
snp269,2.256483421967382e-12,True,True
snp270,1.7446793882488694e-05,False,False
snp271,0.3873004688191341,False,False
snp272,0.00537221259859438,False,False
snp273,0.48575889820666435,False,False
snp274,0.11080568966018128,False,False
snp275,1.0548768322209728e-11,True,True
snp276,5.566572038581301e-24,True,True
snp277,0.8592852965668966,False,False
snp278,0.009385450831705923,False,False
snp279,1.3151933538695994e-20,True,True
snp280,5.765037404798909e-17,True,True
snp281,0.009370771620060243,False,False
snp282,4.650032354298308e-08,True,False
snp283,0.020085960770871915,False,False
snp284,1.1222477685506934e-12,True,True
snp285,2.8123400831492804e-10,True,False
snp286,0.8290068952272625,False,False
snp287,5.778811350428884e-05,False,False
snp288,0.015104448117253515,False,False
snp289,0.0005745581949323602,False,False
snp290,0.12176137834766332,False,False
snp291,0.07130438093973718,False,False
snp292,0.6036937795010078,False,False
snp293,0.6009445832753917,False,False
snp294,0.03235164854741653,False,False
snp295,1.479511941763161e-05,False,False
snp296,0.00031810120654499215,False,False
snp297,0.012237573214612173,False,False
snp298,0.07130438093973715,False,False
snp299,0.004386052116600864,False,False
snp300,2.642493952160433e-07,False,False
snp301,9.310058061965696e-06,False,False
snp302,9.849932292858215e-13,True,True
snp303,0.05207436646324644,False,False
snp304,1.6495350570480616e-08,True,False
snp305,6.2005835074612916e-06,False,False
snp306,4.650032354298308e-08,True,False
snp307,1.0,False,False
snp308,0.02160909046909438,False,False
snp309,0.0044842241923006825,False,False
snp310,2.4369187319472983e-08,True,False
snp311,0.15924172244716575,False,False
snp312,2.8433147844921023e-10,True,False
snp313,3.17975012073446e-07,False,False
snp314,0.04002328759689204,False,False
snp315,3.4267265831127877e-16,True,True
snp316,2.1056303046305604e-16,True,True
snp317,0.0003969604261445872,False,False
snp318,0.2629558984747768,False,False
snp319,5.606780585062622e-18,True,True
snp320,1.6528453887241846e-08,True,False
snp321,7.57817820914315e-09,True,False
snp322,0.6427475804989944,False,False
snp323,1.6896400180572565e-08,True,False
snp324,3.863837020529314e-09,True,False
snp325,1.0,False,False
snp326,0.055508796521470755,False,False
snp327,7.742594684830589e-14,True,True
snp328,1.539945818804421e-21,True,True
snp329,0.06203993576752592,False,False
snp330,1.0637549719143642e-05,False,False
snp331,0.38096877245438054,False,False
snp332,3.132958632561338e-08,True,False
snp333,0.022436263922863867,False,False
snp334,1.0,False,False
snp335,0.8624977628914362,False,False
snp336,6.464570936230031e-15,True,True
snp337,0.0008939658979370772,False,False
snp338,3.703945009808138e-08,True,False
snp339,0.002857329716087341,False,False
snp340,0.5373952038978058,False,False
snp341,0.2819815575484397,False,False
snp342,1.3219664199889064e-13,True,True
snp343,6.017768795569742e-11,True,False
snp344,1.356847176548942e-13,True,True
snp345,0.6036937795010076,False,False
snp346,7.484759258189191e-13,True,True
snp347,0.0020551478706487287,False,False
snp348,2.641493061718866e-13,True,True
snp349,1.5098729734826032e-32,True,True
snp350,6.273442658023378e-36,True,True
snp351,1.3316325664418345e-17,True,True
snp352,1.5840345610621387e-24,True,True
snp353,9.128727428518298e-13,True,True
snp354,3.3188638452742293e-10,True,False
snp355,1.2320796562287563e-08,True,False
snp356,0.228251123151464,False,False
snp357,1.0,False,False
snp358,2.1749036463119002e-24,True,True
snp359,2.2727655139324456e-16,True,True
snp360,0.0016615481421272198,False,False
snp361,1.6189468637344762e-06,False,False
snp362,0.3897341756981469,False,False
snp363,0.00014049557957688895,False,False
snp364,0.8444429710040708,False,False
snp365,2.532653864183166e-05,False,False
snp366,0.01850096109705699,False,False
snp367,0.0001185219527386941,False,False
snp368,1.4717018736558616e-18,True,True
snp369,0.6020470430746848,False,False
snp370,9.656276228274041e-20,True,True
snp371,7.506744696707124e-20,True,True
snp372,4.650032354298308e-08,True,False
snp373,0.13627814178165412,False,False
snp374,0.12104575135445347,False,False
snp375,0.4562188028043805,False,False
snp376,0.021365956620415325,False,False
snp377,5.765037404798909e-17,True,True
snp378,1.3151933538695994e-20,True,True
snp379,3.7123737429708375e-14,True,True
snp380,2.1749036463119002e-24,True,True
snp381,0.018488291914222514,False,False
snp382,0.41321983905752846,False,False
snp383,0.41035281421387393,False,False
snp384,1.1598370385831471e-12,True,True
snp385,1.0,False,False
snp386,0.0008939658979370773,False,False
snp387,0.15924172244716578,False,False
snp388,7.15192905512289e-05,False,False
snp389,5.154594471731909e-07,False,False
snp390,0.26925978175065757,False,False
snp391,0.023858994620300104,False,False
snp392,2.3617559659195176e-09,True,False
snp393,0.08640239351166128,False,False
snp394,0.00010784821256624572,False,False
snp395,0.4816799330434479,False,False
snp396,0.00574259955491469,False,False
snp397,0.5886225251630028,False,False
snp398,2.2368396060323765e-05,False,False
snp399,0.3767344547371408,False,False
snp400,2.983881853688314e-07,False,False
snp401,0.5711228164726718,False,False
snp402,0.8608413820429043,False,False
snp403,0.0010838895426036827,False,False
snp404,1.033237019256686e-32,True,True
snp405,4.097019189196441e-34,True,True
snp406,0.10810810810810809,False,False
snp407,0.08282877361157344,False,False
snp408,7.278231581275522e-05,False,False
snp409,2.534861739229781e-08,True,False
snp410,6.462127327812651e-11,True,False
snp411,0.057491860522088975,False,False
snp412,0.001868032618097021,False,False
snp413,2.937338361647595e-06,False,False
snp414,0.4557703664406915,False,False
snp415,1.0,False,False
snp416,3.8783404162278375e-23,True,True
snp417,0.25775439869399597,False,False
snp418,0.22769905088764122,False,False
snp419,1.580625597977748e-06,False,False
snp420,0.2541769970827016,False,False
snp421,0.19334271294671973,False,False
snp422,5.7348842052879634e-05,False,False
snp423,0.4892294182384024,False,False
snp424,0.038719314457074584,False,False
snp425,4.288574135671462e-09,True,False
snp426,6.053704257746067e-06,False,False
snp427,1.0,False,False
snp428,0.003493390313856567,False,False
snp429,0.003971402907600934,False,False
snp430,4.6289717184143334e-08,True,False
snp431,1.4515688516551165e-09,True,False
snp432,0.0020668584038547777,False,False
snp433,1.4519037571134054e-10,True,False
snp434,0.0036619773282151966,False,False
snp435,0.005341658449136264,False,False
snp436,0.021365956620415325,False,False
snp437,0.12488565487412619,False,False
snp438,0.20631176455418992,False,False
snp439,8.888307996490438e-05,False,False
snp440,1.049074324616106e-07,False,False
snp441,0.08811706777588962,False,False
snp442,1.1300678693378879e-13,True,True
snp443,1.141537675480746e-05,False,False
snp444,1.8295789967026376e-23,True,True
snp445,0.0007774803841486637,False,False
snp446,0.05157325538464148,False,False
snp447,0.1174081383908224,False,False
snp448,2.1730897786842736e-05,False,False
snp449,0.000320462237190767,False,False
snp450,0.02102807526858323,False,False
snp451,0.058475224347691035,False,False
snp452,6.851757605512721e-07,False,False
snp453,0.37673445473714084,False,False
snp454,7.075048370113294e-06,False,False
snp455,0.003772675931509752,False,False
snp456,1.5128990105139702e-12,True,True
snp457,0.05591886358934541,False,False
snp458,0.0003739936940643752,False,False
snp459,0.47816992601897307,False,False
snp460,0.1049643109373845,False,False
snp461,1.0670937939758452e-16,True,True
snp462,0.0032404176131072236,False,False
snp463,0.00574259955491469,False,False
snp464,4.497381655684524e-10,True,False
snp465,0.031204466106975737,False,False
snp466,0.00012479933640756623,False,False
snp467,0.18079972368459896,False,False
snp468,7.428405688982346e-07,False,False
snp469,0.0009624146988719724,False,False
snp470,5.765037404798909e-17,True,True
snp471,0.4473088898104264,False,False
snp472,0.002967364218636721,False,False
snp473,5.315061475680809e-07,False,False
snp474,2.2441440091687504e-23,True,True
snp475,0.4415481225041417,False,False
snp476,1.8667205937987782e-15,True,True
snp477,0.16374148614251155,False,False
snp478,0.48700641445889764,False,False
snp479,6.162341286205672e-07,False,False
snp480,0.031204466106975737,False,False
snp481,0.022436263922863867,False,False
snp482,0.37687303529501937,False,False
snp483,0.006638218697046124,False,False
snp484,5.852435042675841e-08,False,False
snp485,2.0264670633650386e-05,False,False
snp486,3.888383501618794e-05,False,False
snp487,3.154464920909346e-05,False,False
snp488,0.41321983905752846,False,False
snp489,3.3271851330406274e-09,True,False
snp490,0.014936857830751805,False,False
snp491,1.6429122267152055e-05,False,False
snp492,0.11949597966265381,False,False
snp493,0.0298942036394934,False,False
snp494,1.4611990569232427e-06,False,False
snp495,0.7250082620280704,False,False
snp496,0.05620748995715236,False,False
snp497,0.004744395976207776,False,False
snp498,5.323272558383242e-06,False,False
snp499,0.015104991537964036,False,False
snp500,3.743105717682831e-21,True,True
snp501,1.6795633325594963e-14,True,True
snp502,0.06104679151492994,False,False
snp503,1.639804587880371e-13,True,True
snp504,0.33488047183478176,False,False
snp505,0.0002363058100266474,False,False
snp506,1.1784984896741966e-13,True,True
snp507,0.0010342572865907366,False,False
snp508,1.0321390215605724e-15,True,True
snp509,0.005742599554914691,False,False
snp510,5.335620152589192e-29,True,True
snp511,6.734240731292375e-05,False,False
snp512,0.07782025206899204,False,False
snp513,1.4255513861249067e-08,True,False
snp514,0.00032891395279131434,False,False
snp515,0.11782050026962002,False,False
snp516,0.01508842570329886,False,False
snp517,2.9780109474494375e-07,False,False
snp518,0.0013422879109615902,False,False
snp519,1.2830004499063106e-22,True,True
snp520,0.08324603968908129,False,False
snp521,6.75420148004089e-14,True,True
snp522,5.349576399996073e-08,False,False
snp523,0.06161519064960369,False,False
snp524,2.173089778684274e-05,False,False
snp525,2.548124263922557e-11,True,True
snp526,0.3337665145148826,False,False
snp527,0.0025000883354578006,False,False
snp528,0.0947510699379922,False,False
snp529,1.521571108946854e-20,True,True
snp530,0.0009058590031891728,False,False
snp531,0.005046095737536149,False,False
snp532,0.29848329037032895,False,False
snp533,0.013209244730718075,False,False
snp534,0.037382155191410145,False,False
snp535,0.020085960770871915,False,False
snp536,1.2884830201204896e-07,False,False
snp537,1.8817978528633528e-11,True,True
snp538,1.3670407329112962e-06,False,False
snp539,0.01089259138910848,False,False
snp540,2.1264285466131028e-10,True,False
snp541,0.2956552226530934,False,False
snp542,0.3038163864957868,False,False
snp543,1.7672884266515006e-25,True,True
snp544,0.0026669262801319506,False,False
snp545,1.8687290137202678e-06,False,False
snp546,1.084657550440635e-30,True,True
snp547,0.7031127516610726,False,False
snp548,0.032023608140994926,False,False
snp549,1.0,False,False
snp550,1.0,False,False
snp551,0.028867921998840897,False,False
snp552,0.0007665894913717893,False,False
snp553,6.598929017082162e-18,True,True
snp554,1.0,False,False
snp555,0.000406002147460941,False,False
snp556,8.266736873831997e-06,False,False
snp557,7.760523086115663e-07,False,False
snp558,8.270929794649465e-11,True,False
snp559,4.766285508941397e-20,True,True
snp560,0.05128006132463312,False,False
snp561,0.7093174977717109,False,False
snp562,0.00044853861293480714,False,False
snp563,0.008822907155696467,False,False
snp564,0.018488291914222514,False,False
snp565,0.22769905088764122,False,False
snp566,1.8923768580169314e-15,True,True
snp567,8.512818801280613e-11,True,False
snp568,5.6326770726367956e-15,True,True
snp569,1.0,False,False
snp570,0.00177349327151477,False,False
snp571,4.38086499217764e-06,False,False
snp572,1.0,False,False
snp573,1.5868271111233073e-16,True,True
snp574,0.00045497800454181384,False,False
snp575,1.0,False,False
snp576,1.0,False,False
snp577,0.00023629807263967587,False,False
snp578,0.007459227927494398,False,False
snp579,0.0008222819968506864,False,False
snp580,2.4369187319472986e-08,True,False
snp581,0.0006827318852258291,False,False
snp582,5.6326770726367956e-15,True,True
snp583,3.521447518541416e-14,True,True
snp584,2.1730897786842736e-05,False,False
snp585,0.014936857830751804,False,False
snp586,1.0523966768174069e-13,True,True
snp587,0.07662459989559613,False,False
snp588,8.883774542253929e-07,False,False
snp589,0.002876564902660543,False,False
snp590,1.5098729734826035e-32,True,True
snp591,1.0,False,False
snp592,0.8605843767516719,False,False
snp593,3.3271851330406274e-09,True,False
snp594,1.4519037571134054e-10,True,False
snp595,0.12564358540627865,False,False
snp596,0.02160909046909438,False,False
snp597,1.0,False,False
snp598,1.6550017501796158e-09,True,False
snp599,1.1432377494488096e-09,True,False
snp600,0.06223851734345889,False,False
snp601,1.4568385000131723e-06,False,False
snp602,0.2721743435814762,False,False
snp603,6.010282686345065e-09,True,False
snp604,6.01776879556974e-11,True,False
snp605,0.0007051707275430635,False,False
snp606,6.958932907705999e-08,False,False
snp607,0.0006010065474461191,False,False
snp608,1.2745475031946934e-06,False,False
snp609,7.693687897535085e-11,True,False
snp610,5.755664115997831e-11,True,False
snp611,0.0017092962288375747,False,False
snp612,3.7431057176828306e-21,True,True
snp613,5.921139742017717e-06,False,False
snp614,1.9501664605536192e-17,True,True
snp615,1.0,False,False
snp616,0.2171666277272109,False,False
snp617,1.592497207785661e-17,True,True
snp618,6.029936499046306e-08,False,False
snp619,0.0298942036394934,False,False
snp620,4.187199511164782e-05,False,False
snp621,2.5684343430739556e-21,True,True
snp622,0.0008501648612138819,False,False
snp623,2.960707923276143e-13,True,True
snp624,0.030615211619357895,False,False
snp625,5.50870822484756e-05,False,False
snp626,8.4726022097914e-19,True,True
snp627,0.0007774803841486639,False,False
snp628,0.6895861640915719,False,False
snp629,7.393403956989687e-07,False,False
snp630,0.014924043221057146,False,False
snp631,1.0,False,False
snp632,0.20444130360079704,False,False
snp633,9.240997383905376e-14,True,True
snp634,2.3198203923094062e-05,False,False
snp635,1.0548768322209728e-11,True,True
snp636,0.0961276480048093,False,False
snp637,0.6651749662690178,False,False
snp638,8.170602866548573e-08,False,False
snp639,1.2207306038708343e-14,True,True
snp640,2.8821404800592413e-15,True,True
snp641,1.2164100398162613e-13,True,True
snp642,1.1793797635773173e-07,False,False
snp643,0.16534044112874294,False,False
snp644,0.004061170747843551,False,False
snp645,2.4338292776372413e-11,True,True
snp646,0.03420190897693705,False,False
snp647,9.840607511845932e-19,True,True
snp648,2.534861739229781e-08,True,False
snp649,1.9914000288206124e-05,False,False
snp650,0.011469616837258487,False,False
snp651,2.2368396060323765e-05,False,False
snp652,6.412506119339062e-13,True,True
snp653,6.062762888733895e-13,True,True
snp654,1.3848040538393468e-06,False,False
snp655,2.9064552365201896e-18,True,True
snp656,1.8027955151590814e-05,False,False
snp657,0.0025702964185421485,False,False
snp658,3.5088568328743054e-08,True,False
snp659,0.01481352736326303,False,False
snp660,1.2069841874608329e-23,True,True
snp661,1.054191521880247e-23,True,True
snp662,2.9064552365201896e-18,True,True
snp663,3.109333872226138e-10,True,False
snp664,0.024116940064496734,False,False
snp665,1.127459440809762e-05,False,False
snp666,0.8577094386126931,False,False
snp667,6.141432346305728e-09,True,False
snp668,0.2218031868830024,False,False
snp669,3.946655583518275e-09,True,False
snp670,5.8661028717360825e-12,True,True
snp671,0.0818645190393414,False,False
snp672,1.821568482789796e-09,True,False
snp673,4.198504038206792e-07,False,False
snp674,0.0010153589311374506,False,False
snp675,2.783802724922184e-05,False,False
snp676,0.06597126462348517,False,False
snp677,6.4645709362300305e-15,True,True
snp678,1.2216127966412595e-12,True,True
snp679,0.01544525076639465,False,False
snp680,0.0001054576768334809,False,False
snp681,0.3943451260857555,False,False
snp682,2.5458960631325727e-12,True,True
snp683,0.016964180571032102,False,False
snp684,6.583475755743884e-06,False,False
snp685,4.810866238131516e-09,True,False
snp686,0.7169646294645852,False,False
snp687,0.002022003373830851,False,False
snp688,1.0,False,False
snp689,0.04595840904592831,False,False
snp690,0.1774121684399833,False,False
snp691,8.270929794649464e-11,True,False
snp692,0.5874061852054165,False,False
snp693,1.3676696174039694e-07,False,False
snp694,1.7297762405383875e-25,True,True
snp695,0.010892591389108482,False,False
snp696,5.92998000825559e-06,False,False
snp697,3.743105717682831e-21,True,True
snp698,6.462127327812653e-11,True,False
snp699,0.6640203971871869,False,False
snp700,1.0905650151587406e-10,True,False
snp701,2.704404902976864e-23,True,True
snp702,0.3831468523879637,False,False
snp703,0.6024083316084603,False,False
snp704,6.277281992605547e-13,True,True
snp705,0.009370771620060243,False,False
snp706,0.15525481825002704,False,False
snp707,3.7431057176828306e-21,True,True
snp708,4.550377201285833e-06,False,False
snp709,0.4251015685202978,False,False
snp710,0.6069505835527788,False,False
snp711,1.0474498600272857e-05,False,False
snp712,0.004304705298729261,False,False
snp713,0.8456775505992767,False,False
snp714,2.8387493924111508e-14,True,True
snp715,7.075048370113294e-06,False,False
snp716,5.852435042675841e-08,False,False
snp717,0.11752916552668005,False,False
snp718,4.487980373268699e-14,True,True
snp719,3.9809072644836897e-14,True,True
snp720,7.316590383108592e-11,True,False
snp721,9.086810168519216e-09,True,False
snp722,6.149746072979596e-05,False,False
snp723,0.0035031707402340922,False,False
snp724,2.4586153159570087e-15,True,True
snp725,0.1174081383908224,False,False
snp726,0.0005316160870745505,False,False
snp727,3.1329586325613385e-08,True,False
snp728,0.11857783216007056,False,False
snp729,0.3363727080988298,False,False
snp730,8.270929794649464e-11,True,False
snp731,0.8503127979527612,False,False
snp732,1.96527518047633e-07,False,False
snp733,0.3717334716085287,False,False
snp734,7.723382256003804e-27,True,True
snp735,0.7606505966017147,False,False
snp736,0.00177349327151477,False,False
snp737,0.0006964943069053351,False,False
snp738,6.81128447271533e-14,True,True
snp739,0.1948221945667855,False,False
snp740,5.468067320063308e-10,True,False
snp741,0.8138620679577795,False,False
snp742,0.09759862958191061,False,False
snp743,0.11080568966018127,False,False
snp744,1.0,False,False
snp745,3.602676078215366e-30,True,True
snp746,0.000529349787891899,False,False
snp747,1.0438649980664808e-05,False,False
snp748,0.0010627047392930552,False,False
snp749,0.002239271366526095,False,False
snp750,0.05778754719284508,False,False
snp751,7.138557681326163e-05,False,False
snp752,3.931335685560026e-11,True,True
snp753,5.780578898233868e-06,False,False
snp754,0.6826585968091246,False,False
snp755,1.0,False,False
snp756,0.00822249883582284,False,False
snp757,0.043225975875996095,False,False
snp758,0.32507867475593355,False,False
snp759,5.808040751271865e-07,False,False
snp760,1.943495497965361e-09,True,False
snp761,2.1351392901519743e-10,True,False
snp762,0.0005857038600946335,False,False
snp763,0.7317369598342819,False,False
snp764,0.29943239836547664,False,False
snp765,2.473344291454172e-05,False,False
snp766,2.382820871214562e-05,False,False
snp767,1.2089865684639127e-25,True,True
snp768,0.10011942805362542,False,False
snp769,1.1300678693378878e-13,True,True
snp770,0.0037395750329985203,False,False
snp771,0.00011705361043577298,False,False
snp772,1.4549293896202775e-05,False,False
snp773,7.664502447465939e-24,True,True
snp774,0.0008222819968506864,False,False
snp775,1.8920608284220671e-22,True,True
snp776,1.7446793882488697e-05,False,False
snp777,0.719312145342396,False,False
snp778,4.7561362234674125e-11,True,True
snp779,1.12014513822303e-15,True,True
snp780,1.2629853479284209e-27,True,True
snp781,9.310058061965696e-06,False,False
snp782,0.33376651451488254,False,False
snp783,3.1910051338357627e-18,True,True
snp784,0.0026669262801319506,False,False
snp785,0.0008939658979370773,False,False
snp786,0.42545760290781964,False,False
snp787,6.134783364578792e-10,True,False
snp788,0.005762024568030931,False,False
snp789,0.0008913703998593206,False,False
snp790,0.042564239146464615,False,False
snp791,0.0298942036394934,False,False
snp792,0.5434577917274368,False,False
snp793,0.8626467918561553,False,False
snp794,2.8466603519788284e-28,True,True
snp795,1.9485355343811207e-05,False,False
snp796,3.6907157501191006e-18,True,True
snp797,0.6640203971871869,False,False
snp798,4.6500323542983066e-08,True,False
snp799,6.017768795569742e-11,True,False
snp800,4.097019189196441e-34,True,True
snp801,0.05733036299968117,False,False
snp802,7.91663250026485e-12,True,True
snp803,0.00017155846774260592,False,False
snp804,0.0008222819968506864,False,False
snp805,1.792372897133253e-15,True,True
snp806,0.31056904370186666,False,False
snp807,8.888307996490438e-05,False,False
snp808,0.03738215519141015,False,False
snp809,0.0006013608322514458,False,False
snp810,1.2702902016708848e-05,False,False
snp811,8.705329425491909e-26,True,True
snp812,0.05121090371204878,False,False
snp813,3.7123737429708375e-14,True,True
snp814,0.16570635730567151,False,False
snp815,5.866102871736083e-12,True,True
snp816,0.031204466106975737,False,False
snp817,1.1638138667669851e-07,False,False
snp818,0.0006010065474461189,False,False
snp819,0.0007335777383042131,False,False
snp820,0.1077591006810355,False,False
snp821,0.15632117467193501,False,False
snp822,0.021365956620415325,False,False
snp823,0.01323458514661742,False,False
snp824,4.254620666849266e-10,True,False
snp825,0.3179186855335573,False,False
snp826,1.322291880412713e-05,False,False
snp827,2.545896063132573e-12,True,True
snp828,9.6186116679377e-16,True,True
snp829,0.4767630579194357,False,False
snp830,1.4713329632489838e-09,True,False
snp831,0.6059589400789179,False,False
snp832,1.0,False,False
snp833,0.1774121684399833,False,False
snp834,2.0111108798873018e-07,False,False
snp835,4.667114059338624e-09,True,False
snp836,2.329174176342273e-16,True,True
snp837,0.00017480630965231836,False,False
snp838,0.0029758072218975754,False,False
snp839,1.3219664199889064e-13,True,True
snp840,9.354248245004346e-07,False,False
snp841,0.009896507338867265,False,False
snp842,0.43656177532294815,False,False
snp843,0.5450127474846451,False,False
snp844,0.0038943314221995705,False,False
snp845,0.1522024746423995,False,False
snp846,0.10071013904496902,False,False
snp847,0.0010164118787716445,False,False
snp848,1.158953278535715e-05,False,False
snp849,3.0559150764416176e-12,True,True
snp850,0.0005622000032283616,False,False
snp851,5.755664115997832e-11,True,False
snp852,2.103902522374201e-31,True,True
snp853,0.010983327982828047,False,False
snp854,0.3555951381409094,False,False
snp855,6.532249978528479e-12,True,True
snp856,4.257385036558855e-12,True,True
snp857,7.241734011423077e-07,False,False
snp858,0.05600636988569503,False,False
snp859,0.0006613322781636305,False,False
snp860,1.790283867928957e-05,False,False
snp861,0.730984233869584,False,False
snp862,5.335620152589192e-29,True,True
snp863,0.26037229107619464,False,False
snp864,1.2558584896204642e-09,True,False
snp865,0.1774121684399833,False,False
snp866,1.2884830201204896e-07,False,False
snp867,2.5553808325087248e-05,False,False
snp868,0.0002219914891992668,False,False
snp869,0.7284593988816829,False,False
snp870,0.004183871230574213,False,False
snp871,1.0,False,False
snp872,0.00574259955491469,False,False
snp873,6.929099404601695e-07,False,False
snp874,0.09921209086235883,False,False
snp875,6.20058350746129e-06,False,False
snp876,1.4313874327867476e-12,True,True
snp877,1.1252150254868016e-18,True,True
snp878,5.603370522469375e-08,False,False
snp879,3.782080137706686e-11,True,True
snp880,4.5469330679857905e-17,True,True
snp881,0.0006591078462553594,False,False
snp882,0.000112289653744656,False,False
snp883,0.44548981487140915,False,False
snp884,0.383015401314422,False,False
snp885,5.466129883562024e-05,False,False
snp886,2.7190514598789115e-16,True,True
snp887,1.929132775801949e-09,True,False
snp888,8.883774542253929e-07,False,False
snp889,2.532653864183166e-05,False,False
snp890,1.9561542651171384e-07,False,False
snp891,0.005762024568030931,False,False
snp892,2.0135478940316697e-08,True,False
snp893,0.16866908669308295,False,False
snp894,1.0923384997776433e-06,False,False
snp895,0.001148479848981086,False,False
snp896,3.7123737429708375e-14,True,True
snp897,1.113257225122576e-21,True,True
snp898,0.03461434180506918,False,False
snp899,3.388996780792965e-06,False,False
snp900,4.876694009169798e-29,True,True
snp901,0.0003577316709207483,False,False
snp902,0.0005707038533582908,False,False
snp903,1.1093777998351448e-14,True,True
snp904,6.583475755743884e-06,False,False
snp905,1.0474498600272857e-05,False,False
snp906,1.1889866059296708e-14,True,True
snp907,5.490833603385064e-06,False,False
snp908,9.647711886101327e-11,True,False
snp909,3.0085965632386298e-09,True,False
snp910,1.2565987476675215e-08,True,False
snp911,0.000529349787891899,False,False
snp912,4.77455406319014e-22,True,True
snp913,0.5523991448858344,False,False
snp914,4.6289717184143334e-08,True,False
snp915,1.8713532994009542e-10,True,False
snp916,0.3807002122129205,False,False
snp917,0.020961689940413933,False,False
snp918,3.1555478685843976e-09,True,False
snp919,7.278231581275522e-05,False,False
snp920,0.09825581021050256,False,False
snp921,0.0007773805790879547,False,False
snp922,3.743105717682831e-21,True,True
snp923,1.8713532994009547e-10,True,False
snp924,0.6651749662690178,False,False
snp925,1.8920608284220676e-22,True,True
snp926,0.7606505966017147,False,False
snp927,0.055918863589345405,False,False
snp928,0.2728836189613535,False,False
snp929,0.14931765741308872,False,False
snp930,5.284626334038543e-05,False,False
snp931,0.664020397187187,False,False
snp932,0.27383574893390505,False,False
snp933,2.2890107458311656e-09,True,False
snp934,1.0,False,False
snp935,0.005012093842392895,False,False
snp936,0.16309339383950922,False,False
snp937,8.569969947208818e-11,True,False
snp938,0.023397577886761778,False,False
snp939,0.00011307893209339942,False,False
snp940,0.05778754719284508,False,False
snp941,0.14733012768255438,False,False
snp942,4.580052717131049e-12,True,True
snp943,0.18783407375848798,False,False
snp944,5.786566231128434e-07,False,False
snp945,0.48188942482981084,False,False
snp946,1.0,False,False
snp947,0.008139053040069608,False,False
snp948,0.043930861906817734,False,False
snp949,0.18108315778935596,False,False
snp950,2.2042477289731043e-22,True,True
snp951,0.47361402270376496,False,False
snp952,0.34476596383874963,False,False
snp953,2.4775760310561398e-20,True,True
snp954,3.938457632460818e-09,True,False
snp955,2.5458960631325727e-12,True,True
snp956,8.882828213656455e-06,False,False
snp957,0.13992199949514422,False,False
snp958,3.602676078215366e-30,True,True
snp959,0.05733036299968118,False,False
snp960,0.8585368141018266,False,False
snp961,0.6451618942550267,False,False
snp962,0.013595943985441557,False,False
snp963,0.8519223377597203,False,False
snp964,7.823296424973019e-29,True,True
snp965,0.33488047183478176,False,False
snp966,9.849932292858215e-13,True,True
snp967,0.1792763503222209,False,False
snp968,0.016884329139892292,False,False
snp969,0.4970067996892783,False,False
snp970,1.9226955236833926e-10,True,False
snp971,0.002484871343304042,False,False
snp972,3.629556951907223e-12,True,True
snp973,2.3144479665824037e-06,False,False
snp974,0.2517134310426222,False,False
snp975,2.4557205320489927e-13,True,True
snp976,0.0032610518285864603,False,False
snp977,0.0009029381569450639,False,False
snp978,0.00027071063924006405,False,False
snp979,1.5272713518909623e-06,False,False
snp980,0.01555437003642004,False,False
snp981,5.564397954497687e-13,True,True
snp982,0.16916696681468527,False,False
snp983,5.0070462300648094e-05,False,False
snp984,0.228251123151464,False,False
snp985,0.08811706777588962,False,False
snp986,0.01079462372225862,False,False
snp987,0.10785825515404233,False,False
snp988,0.0001000627097356688,False,False
snp989,0.0721408040202787,False,False
snp990,5.847912881513239e-05,False,False
snp991,1.1132572251225757e-21,True,True
snp992,2.3796961150915236e-14,True,True
snp993,0.020459517484803378,False,False
snp994,1.1947993981005125e-05,False,False
snp995,5.284626334038543e-05,False,False
snp996,0.00038574709891469575,False,False
snp997,1.2335230896505027e-20,True,True
snp998,7.693687897535085e-11,True,False
snp999,4.019147974504194e-06,False,False
